,0,utime
0,0.4361698376368288,1600146550.633
1,-0.17662312586241055,1600146551.259
2,0.8829476907106175,1600146551.886
3,0.2799208562844062,1600146552.512
4,0.6107319124831949,1600146553.139
5,0.15418945305698364,1600146553.765
6,-0.4647065219942276,1600146554.392
7,-0.3621669501704389,1600146555.018
8,0.2774819966533498,1600146555.645
9,0.013810630977138564,1600146556.272
10,0.4715748121759273,1600146556.899
11,0.243303837124716,1600146557.526
12,0.5851012214485047,1600146558.152
13,0.21400798077229347,1600146558.779
14,1.0794870057210821,1600146559.405
15,0.649800015044871,1600146560.032
16,0.7035114618686596,1600146560.658
17,-0.6258337319325517,1600146561.285
18,0.7767546680162372,1600146561.911
19,0.13344463046502586,1600146562.537
20,0.40810334291381456,1600146563.164
21,0.5216292428626033,1600146563.791
22,0.215233267811392,1600146564.417
23,0.5985345583851808,1600146565.043
24,0.8683104583339695,1600146565.669
25,0.8268070614077582,1600146566.295
26,-0.3475088355184531,1600146566.921
27,0.2628432363053357,1600146567.548
28,0.1822773393791244,1600146568.174
29,-0.3340795731720869,1600146568.801
30,1.3041045299017018,1600146569.427
31,-0.08261371077450942,1600146570.054
32,0.3934610172992793,1600146570.68
33,-0.628266989001932,1600146571.307
34,-0.26815905780314325,1600146571.933
35,-1.0005804234793545,1600146572.56
36,0.07730094521943423,1600146573.186
37,-0.4463801860817769,1600146573.813
38,0.7157296982420117,1600146574.439
39,0.5814528638158004,1600146575.066
40,-0.2547282674854109,1600146575.692
41,-0.3548254144116221,1600146576.319
42,0.43741142303716657,1600146576.945
43,0.2726170104859553,1600146577.572
44,0.222568691684744,1600146578.199
45,0.18838951350853275,1600146578.825
46,-0.5342662271676785,1600146579.451
47,0.7865350634061102,1600146580.078
48,-1.006677317895101,1600146580.704
49,-0.033776417946312316,1600146581.331
50,-1.2788930961225236,1600146581.957
51,0.7816542882012651,1600146582.584
52,0.5704731569000538,1600146583.21
53,0.6986474943488425,1600146583.836
54,0.8024077692976314,1600146584.463
55,0.9342442161214202,1600146585.09
56,1.2272134754452089,1600146585.717
57,-0.17171179648100252,1600146586.343
58,1.2919117597177865,1600146586.97
59,-0.10945491845842503,1600146587.596
60,0.006512387740363678,1600146588.223
61,-0.5867488216858476,1600146588.849
62,-0.2864553436120589,1600146589.475
63,-1.1665817874132702,1600146590.101
64,-0.8528605749644814,1600146590.727
65,-0.6306920968906927,1600146591.354
66,1.230880678058096,1600146591.98
67,0.02970931238188477,1600146592.607
68,0.9635477123306736,1600146593.234
69,-1.2361588095955378,1600146593.86
70,0.17863662160325094,1600146594.486
71,-0.2071050565729604,1600146595.112
72,0.7474852965008284,1600146595.738
73,-0.35847122542538284,1600146596.365
74,1.301685533898406,1600146596.992
75,-0.2937729411528054,1600146597.618
76,-0.4121806349540167,1600146598.244
77,-1.062814891255228,1600146598.871
78,-0.4341522725564392,1600146599.497
79,0.0419224555173495,1600146600.124
80,0.3495401523411382,1600146600.75
81,0.06999964603992696,1600146601.376
82,0.5863575772387157,1600146602.003
83,-0.1399602728124956,1600146602.629
84,0.7853332052612931,1600146603.256
85,0.9269352770850818,1600146603.882
86,-0.05939233859112941,1600146604.509
87,0.10906520198265933,1600146605.135
88,0.06756180505644806,1600146605.762
89,-0.6111486231197633,1600146606.388
90,-0.9541656919209744,1600146607.015
91,-0.2644679169721857,1600146607.641
92,0.39837438922660295,1600146608.268
93,-0.3975235389496083,1600146608.894
94,-0.2022105296258196,1600146609.521
95,-0.7637334578020308,1600146610.147
96,0.22991939527175784,1600146610.774
97,-0.0569453297794534,1600146611.4
98,0.5936899451693354,1600146612.027
99,0.5643935794931241,1600146612.653
100,0.3104878388169128,1600146613.28
101,-0.5049413393592985,1600146613.906
102,-0.8296478612855097,1600146614.533
103,0.22870225741327896,1600146615.159
104,-0.7576253582629323,1600146615.786
105,-0.07036898956414357,1600146616.412
106,-0.14483137086535486,1600146617.039
107,-0.3889714865415661,1600146617.666
108,-0.5024963678427774,1600146618.292
109,-0.061822030393988675,1600146618.919
110,0.4520944945548001,1600146619.545
111,0.3800735195035888,1600146620.171
112,-0.2424845649226225,1600146620.798
113,-0.6123571024738338,1600146621.424
114,0.6583953599749549,1600146622.051
115,0.0932103224237437,1600146622.677
116,-0.6245626057524676,1600146623.304
117,-0.6489761589286789,1600146623.93
118,-0.04594830585489012,1600146624.557
119,-0.8540532652811014,1600146625.183
120,-0.8491699434573127,1600146625.81
121,-1.226366699758524,1600146626.436
122,1.0417002158152648,1600146627.062
123,0.01386869388905352,1600146627.689
124,1.3224629532128422,1600146628.315
125,0.35078377503663105,1600146628.941
126,-0.09721376251458028,1600146629.568
127,0.3935094030592085,1600146630.195
128,0.4215860842579972,1600146630.821
129,-0.0019973907932141124,1600146631.447
130,-0.6770457095944253,1600146632.074
131,-0.7173284033956366,1600146632.7
132,-0.6819275034468479,1600146633.327
133,0.4179265215019408,1600146633.953
134,-0.9089772660492704,1600146634.579
135,-0.2546798817254817,1600146635.206
136,0.28731281509830703,1600146635.832
137,-0.3523351130779043,1600146636.459
138,-0.2241607756291156,1600146637.085
139,0.4240330930696732,1600146637.712
140,0.4362406336434619,1600146638.338
141,0.6645126273422506,1600146638.964
142,0.40084126166603934,1600146639.591
143,0.994103489739828,1600146640.217
144,-0.3340210009363832,1600146640.844
145,-0.35843455411259445,1600146641.47
146,-0.7820180291638057,1600146642.096
147,-0.8015487698400171,1600146642.723
148,0.08834431760877172,1600146643.349
149,-1.2934911105674396,1600146643.976
150,0.4252593987563492,1600146644.602
151,-1.3154627481698622,1600146645.229
152,0.11642252677892664,1600146645.855
153,0.30563202047771537,1600146646.482
154,-0.16800028269849593,1600146647.108
155,1.4860529610002928,1600146647.735
156,-0.11672973280091845,1600146648.361
157,-0.13870187972712975,1600146648.988
158,-0.04592793290334101,1600146649.614
159,-0.9333785954545524,1600146650.241
160,-0.4585245705057636,1600146650.867
161,-0.5281041393069749,1600146651.493
162,-0.6916778487331859,1600146652.119
163,-0.6245386675343974,1600146652.746
164,-0.5256612050856087,1600146653.372
165,0.59860688236318,1600146653.998
166,0.1615956729369688,1600146654.625
167,0.5485590728857576,1600146655.251
168,0.5168213009595463,1600146655.878
169,-0.08376412721666501,1600146656.505
170,0.9074473196071238,1600146657.131
171,-0.8027572491940875,1600146657.758
172,-0.32424111487029883,1600146658.384
173,-0.96144763679651,1600146659.011
174,0.07370912252727863,1600146659.637
175,-1.2165735712739327,1600146660.264
176,-0.09840899945014392,1600146660.89
177,-0.9638870057513552,1600146661.517
178,0.24583030044743354,1600146662.143
179,-0.20216723710377774,1600146662.77
180,-0.360858134029989,1600146663.396
181,1.5165837815437997,1600146664.023
182,0.12986554086758845,1600146664.648
183,0.5668777689413772,1600146665.275
184,0.5986165595151659,1600146665.901
185,-0.8344883999110454,1600146666.528
186,0.35447695316274336,1600146667.154
187,-0.7856592562634679,1600146667.781
188,0.01756390931032082,1600146668.407
189,-0.6074355813658905,1600146669.033
190,0.2983266467078983,1600146669.659
191,0.16649121853168694,1600146670.286
192,0.7512085247304757,1600146670.912
193,0.4692266121792645,1600146671.538
194,-0.4755970972469468,1600146672.165
195,1.075917083951842,1600146672.791
196,1.3322652495256306,1600146673.418
197,0.6328028682244193,1600146674.044
198,0.08836978379820809,1600146674.671
199,0.4142980274969969,1600146675.297
200,-0.5097737288042145,1600146675.923
201,-1.1152419694804256,1600146676.549
202,-0.04102271015663698,1600146677.175
203,-0.34375657583284824,1600146677.802
204,0.2775818241159405,1600146678.428
205,0.3251897553147292,1600146679.055
206,0.1518504208885179,1600146679.681
207,0.7817337427123067,1600146680.307
208,0.8623006582860954,1600146680.934
209,0.7499964801098841,1600146681.56
210,0.3251923019336728,1600146682.186
211,0.3032201550074616,1600146682.813
212,-0.5903340231687497,1600146683.439
213,-0.7441421075949609,1600146684.066
214,0.7683095736038278,1600146684.692
215,-0.3730473389473835,1600146685.318
216,-0.5390624546235948,1600146685.945
217,-1.1237787421748058,1600146686.571
218,-1.0969227641010173,1600146687.198
219,1.0661636827227714,1600146687.824
220,0.02246302017156011,1600146688.451
221,0.22143813887034888,1600146689.077
222,0.4008820075691376,1600146689.703
223,0.2299840793929263,1600146690.33
224,-0.20214431753328505,1600146690.956
225,0.14331517616550374,1600146691.583
226,0.3227590448642925,1600146692.209
227,0.0676326010630812,1600146692.835
228,0.12500615726186992,1600146693.461
229,-0.6245050521643414,1600146694.088
230,-0.22899673034055265,1600146694.714
231,-0.003166142891763889,1600146695.341
232,-0.5952066491929752,1600146695.968
233,0.2605067507558136,1600146696.594
234,0.3557221038296023,1600146697.221
235,-0.03856449622160898,1600146697.847
236,0.2226664818521797,1600146698.474
237,0.8208115224259684,1600146699.1
238,1.0088003129997571,1600146699.726
239,0.684093791073546,1600146700.353
240,0.6889771128973347,1600146700.979
241,0.07862605972112338,1600146701.606
242,0.006605084669912116,1600146702.232
243,-0.6940779997562991,1600146702.859
244,-0.17894077168251046,1600146703.485
245,0.2006984095162783,1600146704.112
246,0.24464423134006705,1600146704.738
247,1.4336095844138557,1600146705.365
248,0.3471843124876445,1600146705.992
249,-0.1130202563135668,1600146706.618
250,-0.08738498136477807,1600146707.244
251,0.7646663092090107,1600146707.871
252,0.4094422091577994,1600146708.497
253,-0.31077212526841186,1600146709.124
254,0.14699205593037684,1600146709.75
255,-0.2668257941208344,1600146710.376
256,-0.6757608316720457,1600146711.003
257,-0.9980259473482572,1600146711.629
258,-0.35959770364946825,1600146712.255
259,0.2458715556743205,1600146712.882
260,0.0957255806231092,1600146713.508
261,0.6206284336968979,1600146714.135
262,0.8891836305206867,1600146714.761
263,0.2556392179694754,1600146715.388
264,0.4668213679182641,1600146716.014
265,1.090601174117053,1600146716.64
266,0.5290782459408416,1600146717.267
267,-0.0812728072353697,1600146717.893
268,0.776881998963419,1600146718.52
269,-0.6830784292127923,1600146719.147
270,-0.0019255761390035101,1600146719.773
271,0.4277624331847853,1600146720.399
272,-0.2301960418664261,1600146721.026
273,-0.07516623566763732,1600146721.652
274,-0.6623239294688485,1600146722.278
275,0.40823322047994015,1600146722.905
276,0.4985657610537289,1600146723.531
277,0.14822447350251758,1600146724.158
278,1.0344554515763065,1600146724.784
279,-0.07272177347490498,1600146725.411
280,-0.13497712352611624,1600146726.037
281,0.4155604951726725,1600146726.664
282,0.1909516294964612,1600146727.29
283,-0.95162598617975,1600146727.917
284,-1.2030903206059609,1600146728.543
285,-0.5097304362821726,1600146729.17
286,-0.12520844258338387,1600146729.796
287,-0.5292606676345951,1600146730.423
288,0.2312378885641936,1600146731.049
289,-0.1947869927370177,1600146731.676
290,0.45828968846177104,1600146732.302
291,0.4399796509105598,1600146732.929
292,0.4204489102343485,1600146733.555
293,-0.4023044866918628,1600146734.182
294,-0.17159108674307405,1600146734.808
295,0.02860473508071468,1600146735.435
296,0.0017497756545034099,1600146736.061
297,-0.8087965900217079,1600146736.687
298,-0.7111398306979191,1600146737.313
299,-1.1627994776241304,1600146737.94
300,-0.6891661558003417,1600146738.566
301,0.521771853523447,1600146739.193
302,-0.06782724652776423,1600146739.819
303,1.2065873252960244,1600146740.446
304,0.5559530689948132,1600146741.072
305,-0.6171421248063981,1600146741.699
306,1.0503388532673907,1600146742.325
307,-0.2179711842838206,1600146742.951
308,1.523972684414968,1600146743.578
309,-0.17890766563624316,1600146744.204
310,-0.4364755156874544,1600146744.83
311,-0.4535648501136657,1600146745.456
312,-0.18989246578987687,1600146746.083
313,0.22148499665891172,1600146746.709
314,0.3691905841077005,1600146747.335
315,0.2300309371814893,1600146747.961
316,1.200490430880278,1600146748.587
317,-0.4071750754209333,1600146749.214
318,0.8269562932778555,1600146749.84
319,0.37285524010164417,1600146750.466
320,-0.9210895630745672,1600146751.093
321,0.8416062587492216,1600146751.719
322,0.2776419243230103,1600146752.345
323,-0.17890053510320095,1600146752.972
324,-0.9223082289044122,1600146753.598
325,-0.34979795395562346,1600146754.225
326,0.13238028974316526,1600146754.851
327,-0.691593810308046,1600146755.478
328,0.07989107401574269,1600146756.104
329,1.2603115052145315,1600146756.73
330,-0.010439938586679848,1600146757.357
331,0.7122168207371089,1600146757.983
332,1.2224712363108976,1600146758.609
333,-0.6134657543653137,1600146759.236
334,0.6963492080834751,1600146759.863
335,0.2507930767822638,1600146760.489
336,1.2249146798560526,1600146761.116
337,-0.6659539514451588,1600146761.742
338,-0.52191047337137,1600146762.369
339,-0.7977888702975813,1600146762.995
340,-0.7452981265987926,1600146763.622
341,-0.3644382422750038,1600146764.248
342,0.6585114857987849,1600146764.875
343,-0.3961755048774264,1600146765.501
344,0.8928875044463623,1600146766.127
345,-0.2289381581048489,1600146766.754
346,-0.5096993675310602,1600146767.38
347,-0.32171057695727145,1600146768.007
348,0.4082704011165173,1600146768.633
349,0.942938879190306,1600146769.26
350,-0.6574024083609052,1600146769.886
351,0.4754106009628834,1600146770.512
352,-0.35100490533832784,1600146771.139
353,-0.22283056788953912,1600146771.765
354,0.07502150393424961,1600146772.392
355,0.6670630288830384,1600146773.018
356,-0.4511005242931729,1600146773.645
357,0.3032945162806158,1600146774.271
358,0.20685947872940447,1600146774.898
359,-0.11174352757180676,1600146775.524
360,0.6170167473769821,1600146776.15
361,0.8355231160757707,1600146776.777
362,0.8379650316495595,1600146777.403
363,-1.0406965684016518,1600146778.03
364,0.9173117534221368,1600146778.656
365,0.6341091377459256,1600146779.283
366,-0.8221891810552856,1600146779.909
367,-0.20207148423149693,1600146780.536
368,1.008866525092292,1600146781.163
369,-1.2482130437089194,1600146781.789
370,0.7476370749898693,1600146782.415
371,0.746416881188658,1600146783.042
372,0.6267884842624467,1600146783.668
373,-0.4401055376637645,1600146784.295
374,0.8733715341600242,1600146784.921
375,0.9197587622338128,1600146785.548
376,-0.14835596281739838,1600146786.175
377,0.5108242340063903,1600146786.801
378,0.3716645870801791,1600146787.427
379,-1.0589989660960322,1600146788.054
380,-0.5743793161472435,1600146788.68
381,-0.16544325994845474,1600146789.306
382,-0.762366578749666,1600146789.933
383,-0.17032505380087729,1600146790.559
384,-0.21671126322708856,1600146791.186
385,0.6499884648467001,1600146791.812
386,-0.0360461820795111,1600146792.438
387,0.7806047178692777,1600146793.065
388,0.7659567896930664,1600146793.691
389,0.5779690177668549,1600146794.317
390,0.6768464802156439,1600146794.944
391,0.07626105203943254,1600146795.57
392,-0.11050601676177874,1600146796.197
393,-0.56582777306299,1600146796.823
394,0.4131766425107987,1600146797.45
395,0.4668880893345875,1600146798.076
396,-0.3546446044666238,1600146798.703
397,-0.4022515170178351,1600146799.329
398,1.3750927423059536,1600146799.956
399,-0.5829145608702576,1600146800.582
400,0.4693320422035311,1600146801.209
401,0.35824856715231984,1600146801.835
402,-0.0030790485238914554,1600146802.462
403,0.5291480232998973,1600146803.088
404,1.183445407623686,1600146803.715
405,0.7354478700724747,1600146804.341
406,-1.1725106049787366,1600146804.967
407,-1.037012048779948,1600146805.594
408,-0.8490232582061591,1600146806.22
409,0.4827643604926297,1600146806.847
410,-0.8819812239335816,1600146807.473
411,-0.4303205583597929,1600146808.1
412,0.4925315134639958,1600146808.727
413,0.6487820227877845,1600146809.353
414,0.8941438602365733,1600146809.98
415,0.658548666435362,1600146810.606
416,0.0030315976341507324,1600146811.233
417,0.4437059350829395,1600146811.859
418,1.0369681631567282,1600146812.485
419,0.8489803912305169,1600146813.111
420,-0.02504253694569436,1600146813.738
421,-1.2494072619969057,1600146814.365
422,-0.1068286276731169,1600146814.991
423,-0.6170820245993281,1600146815.618
424,1.0516196565994609,1600146816.244
425,0.3509365721732493,1600146816.871
426,0.9087984096220381,1600146817.497
427,-0.2288963935541733,1600146818.123
428,0.8880474751446155,1600146818.75
429,0.5352647813434042,1600146819.376
430,-0.4913460374578071,1600146820.002
431,0.8734005656159817,1600146820.629
432,0.09215107493977036,1600146821.255
433,-0.3521843532364409,1600146821.882
434,-0.6842150939126521,1600146822.509
435,-0.08973216271386343,1600146823.135
436,-0.6085304815150747,1600146823.762
437,0.027456355933714014,1600146824.388
438,-0.09949625974249726,1600146825.015
439,1.0613929214562914,1600146825.641
440,-0.4376300067199198,1600146826.267
441,0.8941576119788689,1600146826.894
442,-0.6805489099473423,1600146827.52
443,-0.2813784787485536,1600146828.147
444,-0.3448545319247649,1600146828.773
445,0.5450385555240238,1600146829.4
446,-0.4864550757771874,1600146830.026
447,0.4730180897966013,1600146830.652
448,-0.59875874462961,1600146831.279
449,-0.7049594071808213,1600146831.905
450,-0.3265409291070325,1600146832.532
451,-0.9954857322832438,1600146833.158
452,1.281126105165545,1600146833.785
453,0.14953481761433365,1600146834.411
454,-0.5047615480618776,1600146835.038
455,-0.3643801793630889,1600146835.664
456,0.5487062674606998,1600146836.291
457,1.0418708392844886,1600146836.917
458,0.3021252548582773,1600146837.544
459,0.16052420168206602,1600146838.171
460,-0.8917213827441453,1600146838.797
461,-0.2484103265453565,1600146839.423
462,-0.8184781765965677,1600146840.05
463,-1.1016807922727792,1600146840.676
464,-0.29357481419899034,1600146841.302
465,0.2642870232497984,1600146841.929
466,-0.2569527018014129,1600146842.555
467,-0.5792178174776241,1600146843.182
468,-0.08239113627883543,1600146843.808
469,1.2310859355449533,1600146844.435
470,-0.7305834770062579,1600146845.062
471,0.7403642979425308,1600146845.688
472,0.5731284791413195,1600146846.315
473,-0.06896085528489179,1600146846.941
474,-0.050649799086103064,1600146847.568
475,-0.4608055397623143,1600146848.194
476,-1.1797991710635256,1600146848.821
477,-1.3030896773647371,1600146849.447
478,0.9088248944590519,1600146850.073
479,0.16785860690784055,1600146850.7
480,0.4376345068566293,1600146851.326
481,-0.986925530694582,1600146851.953
482,0.2288952911292068,1600146852.579
483,0.4547258785779955,1600146853.206
484,0.5792381066517842,1600146853.832
485,-0.07749966527442706,1600146854.459
486,1.1334383440493616,1600146855.086
487,-0.028670521626849608,1600146855.712
488,-0.02500790292806088,1600146856.339
489,-1.181013252979272,1600146856.965
490,-0.17515336865548342,1600146857.591
491,0.0592221406683053,1600146858.218
492,-0.469341803132906,1600146858.844
493,0.12758253431588276,1600146859.471
494,-1.1309618782353286,1600146860.097
495,0.04091363108846022,1600146860.724
496,-0.26670304708775106,1600146861.351
497,1.1786099622360378,1600146861.977
498,1.1957003153098265,1600146862.604
499,0.4730445746336152,1600146863.23
500,0.5658185214574039,1600146863.857
501,0.8392565307811926,1600146864.483
502,-0.8123542880200186,1600146865.11
503,-0.6084963568212299,1600146865.736
504,-0.5132810037474412,1600146866.363
505,-0.3252922131736525,1600146866.989
506,-0.5462389694748637,1600146867.615
507,0.482814274223925,1600146868.242
508,0.12759017417271368,1600146868.869
509,-0.3204073633784976,1600146869.495
510,0.8563509584452912,1600146870.122
511,0.91372451464408,1600146870.748
512,-0.5608843510321314,1600146871.375
513,-0.21176274795834268,1600146872.001
514,-0.33017044175955396,1600146872.627
515,-0.20687891681076528,1600146873.254
516,-0.3704526262369765,1600146873.88
517,-0.3252861012881877,1600146874.507
518,-0.8318773888393991,1600146875.134
519,-0.9136639888906104,1600146875.76
520,-0.1238685576918216,1600146876.386
521,0.21792882663196714,1600146877.013
522,-0.7012601171692441,1600146877.639
523,-0.2422752328454554,1600146878.266
524,0.4754987139783333,1600146878.893
525,-0.519373823572878,1600146879.519
526,0.2338005138759108,1600146880.146
527,0.35098852319969953,1600146880.772
528,0.6756960637734882,1600146881.399
529,-0.7171256925277231,1600146882.025
530,-0.9051134644539344,1600146882.651
531,-0.8855817051301456,1600146883.277
532,0.7806785698186431,1600146883.904
533,0.14835486039243187,1600146884.531
534,-0.6878262709087793,1600146885.157
535,0.4535316602900094,1600146885.784
536,-0.11653618976120195,1600146886.41
537,0.7013354133125868,1600146887.037
538,0.7062187351363756,1600146887.663
539,0.34489111946016426,1600146888.29
540,0.25822170690895296,1600146888.916
541,0.1813179193577417,1600146889.542
542,-0.5193651650684695,1600146890.169
543,-0.3374798901196808,1600146890.795
544,-1.023514537045892,1600146891.421
545,-0.7183382464721034,1600146892.048
546,-0.3496853933983147,1600146892.674
547,-0.20075910282452594,1600146893.301
548,-0.060377734125737215,1600146893.928
549,1.0175036345730517,1600146894.554
550,0.4449943782718401,1600146895.181
551,0.38151832509562894,1600146895.807
552,0.6879153187944177,1600146896.433
553,-0.6450919843817936,1600146897.06
554,-0.07990592818300485,1600146897.686
555,-0.22272768448421607,1600146898.313
556,-0.6060279564104274,1600146898.94
557,-0.6206758845866387,1600146899.566
558,-0.19342928151284994,1600146900.193
559,0.2679970090609388,1600146900.819
560,-0.8135454503652725,1600146901.446
561,-0.2288281441664837,1600146902.072
562,-0.769599119217695,1600146902.699
563,-0.7866884536439063,1600146903.325
564,0.8795718213048824,1600146903.951
565,-0.3325858724963289,1600146904.578
566,0.8453931524524598,1600146905.204
567,0.2435870211512486,1600146905.831
568,-0.23248668827496266,1600146906.457
569,-0.421695163326174,1600146907.083
570,-1.0198391852523851,1600146907.71
571,-0.6023582071785964,1600146908.336
572,-0.09088308847980776,1600146908.962
573,0.492613514593981,1600146909.589
574,-0.2031867573322303,1600146910.215
575,0.3717649238665585,1600146910.841
576,-0.01519745743465284,1600146911.468
577,0.09588703626413587,1600146912.095
578,0.3278211393379246,1600146912.721
579,-0.30328186696328663,1600146913.348
580,1.3324608298605018,1600146913.974
581,-0.29107381706570923,1600146914.601
582,0.23504973913307955,1600146915.227
583,0.2997475140818683,1600146915.854
584,-0.602351585969343,1600146916.48
585,-0.5547436547705543,1600146917.106
586,-0.2776435360717656,1600146917.733
587,0.09833353575202317,1600146918.359
588,-0.956353454924188,1600146918.986
589,0.4291451012746006,1600146919.613
590,-0.7573778269016107,1600146920.239
591,-0.4876019269528219,1600146920.865
592,-0.2690955582540332,1600146921.492
593,-0.15068684580524447,1600146922.118
594,0.7904757728935443,1600146922.745
595,0.24848409471733304,1600146923.371
596,-0.4570818022088783,1600146923.998
597,-0.2117199647600896,1600146924.624
598,-0.4851569554363008,1600146925.251
599,-0.6145509773625121,1600146925.877
600,0.6793948444612766,1600146926.503
601,0.4401375412850653,1600146927.13
602,-1.022264293141146,1600146927.756
603,1.2775409036826428,1600146928.382
604,-0.3643042901185685,1600146929.009
605,0.5524442660802202,1600146929.635
606,-0.114059130845991,1600146930.262
607,0.7379921597277977,1600146930.888
608,0.6684125909265864,1600146931.514
609,-0.9258251809996249,1600146932.141
610,-0.0859809216758361,1600146932.767
611,-0.3545350998520473,1600146933.394
612,-0.5022396686532586,1600146934.02
613,-0.14579384682946991,1600146934.647
614,-0.4436449000056812,1600146935.273
615,-0.9477947813068924,1600146935.9
616,-0.010294271983103731,1600146936.526
617,-0.26297930953431503,1600146937.152
618,0.3730075279144737,1600146937.779
619,0.4535744434882625,1600146938.406
620,1.1566999528120512,1600146939.032
621,0.6830676496358399,1600146939.659
622,0.5109490183346286,1600146940.285
623,-0.07865008171658264,1600146940.912
624,0.7489871463572061,1600146941.538
625,-0.5596060943190052,1600146942.165
626,-0.11160753812021644,1600146942.791
627,-0.3179058569214277,1600146943.418
628,-0.2617530038476389,1600146944.044
629,0.2704740679761497,1600146944.67
630,-0.038363313325061536,1600146945.297
631,0.8698403209987272,1600146945.923
632,-0.1677568259274841,1600146946.549
633,0.2790210271463046,1600146947.176
634,0.31198052084509337,1600146947.802
635,0.0580747801688821,1600146948.428
636,-0.4326473667573292,1600146949.055
637,-0.3240042793085405,1600146949.682
638,0.3095411518902483,1600146950.308
639,0.09591861433903698,1600146950.934
640,-0.05911017321217426,1600146951.56
641,0.10202314861161446,1600146952.187
642,-0.1811794670645968,1600146952.814
643,-1.007594973365808,1600146953.44
644,0.41574537970798064,1600146954.066
645,-0.37404903284323066,1600146954.692
646,0.2009026483555581,1600146955.318
647,0.9919187826793469,1600146955.945
648,0.2314212451281356,1600146956.571
649,0.5390389419519243,1600146957.198
650,0.8136976544007131,1600146957.825
651,1.0297626168495018,1600146958.451
652,-0.9209204675767096,1600146959.077
653,-0.5071015988779208,1600146959.704
654,0.2692660979458679,1600146960.331
655,-0.22389745523034327,1600146960.957
656,-0.9673051490315546,1600146961.584
657,0.3827930165422341,1600146962.21
658,0.5121880571160228,1600146962.836
659,1.1091123945648116,1600146963.463
660,-0.6328304554863997,1600146964.089
661,-0.11403111803761096,1600146964.716
662,0.16428970378617774,1600146965.342
663,0.18015935373496647,1600146965.969
664,0.8759606443087552,1600146966.595
665,-0.3313142369924561,1600146967.221
666,0.19358861608133265,1600146967.848
667,-0.6621237652198786,1600146968.474
668,-0.8232560683960899,1600146969.101
669,-1.1894664965723012,1600146969.727
670,-0.4900030966235125,1600146970.354
671,-0.8293580560497237,1600146970.98
672,-0.16773645297593498,1600146971.607
673,0.5866585875978537,1600146972.233
674,-0.4436143405783575,1600146972.86
675,0.7184955437454312,1600146973.486
676,-0.3728125406807801,1600146974.113
677,0.5256254686430086,1600146974.739
678,-0.3776943345332026,1600146975.365
679,-0.024910622084413886,1600146975.992
680,-0.5717851127606252,1600146976.619
681,-0.3215404628118365,1600146977.245
682,-0.9001532347380478,1600146977.871
683,-0.710943741039259,1600146978.497
684,0.04100989328452975,1600146979.124
685,0.4768014182333185,1600146979.75
686,-0.2287644786928928,1600146980.377
687,0.907710640005896,1600146981.003
688,0.16796505557968466,1600146981.629
689,-0.4802277944715266,1600146982.256
690,0.5305149023522621,1600146982.883
691,-0.07007052582394915,1600146983.509
692,-0.2617204071251604,1600146984.136
693,-0.7170421634263717,1600146984.762
694,-0.721924466602583,1600146985.389
695,0.008056511471205756,1600146986.015
696,0.03247108329499448,1600146986.642
697,0.3522958113687832,1600146987.268
698,0.11181780506757194,1600146987.895
699,0.15088081439136067,1600146988.522
700,0.0214867924651494,1600146989.148
701,0.5537138642889381,1600146989.775
702,-0.20922507951227315,1600146990.401
703,1.3703652735615155,1600146991.028
704,0.3278853141353043,1600146991.654
705,1.873295979709093,1600146992.281
706,0.9760796921578816,1600146992.908
707,-0.4985291735183296,1600146993.534
708,-0.3544856954445408,1600146994.16
709,-0.5913015923707521,1600146994.787
710,0.3120192294530367,1600146995.413
711,-0.3740154174731746,1600146996.039
712,-0.05663209564938587,1600146996.666
713,0.5146574761744028,1600146997.292
714,0.6013279073731915,1600146997.919
715,-0.6096090833030197,1600146998.545
716,-0.15062419897923096,1600146999.172
717,0.5940052165945577,1600146999.798
718,0.4658318977933465,1600147000.424
719,0.3156859227421352,1600147001.051
720,-0.7548702085590759,1600147001.677
721,-0.2311880586102873,1600147002.304
722,-1.1320664555364983,1600147002.931
723,-1.2553569618377098,1600147003.557
724,1.1579736256110789,1600147004.183
725,0.1338042130598676,1600147004.81
726,0.5427402692586563,1600147005.436
727,0.424332575457445,1600147006.062
728,-0.9941239464687662,1600147006.689
729,-0.32151601526997753,1600147007.315
730,0.5256524628038112,1600147007.942
731,0.12037953462759995,1600147008.568
732,-0.2775691747986113,1600147009.194
733,1.2873727407751774,1600147009.82
734,-0.41550760927603386,1600147010.447
735,-1.1052043655772452,1600147011.073
736,-0.4216101062534564,1600147011.7
737,0.9016325905703324,1600147012.326
738,0.16066630301912105,1600147012.952
739,-0.5839620939070902,1600147013.579
740,-0.033424475208301496,1600147014.205
741,0.9016346278654872,1600147014.831
742,-0.14084533156072404,1600147015.458
743,0.5818114277630647,1600147016.084
744,-0.4155025160381466,1600147016.711
745,0.5842538526606421,1600147017.338
746,0.2302504557344309,1600147017.964
747,0.3803974494332196,1600147018.591
748,-0.6938207912429917,1600147019.217
749,-0.840304656919203,1600147019.843
750,-0.11520649134541422,1600147020.469
751,0.3376748773533745,1600147021.096
752,0.6404097616771632,1600147021.722
753,0.29250988037595194,1600147022.349
754,0.7344049209497406,1600147022.975
755,0.3157042583985294,1600147023.602
756,0.0068668770973181435,1600147024.228
757,1.2776193395461068,1600147024.855
758,-0.0968918698801044,1600147025.481
759,0.4316730925686843,1600147026.108
760,1.017611101892473,1600147026.734
761,0.1680022362162618,1600147027.36
762,-0.4020656138349495,1600147027.987
763,0.23025911423883924,1600147028.613
764,-0.28853920456237203,1600147029.24
765,0.2754261485114167,1600147029.866
766,-0.8293096702897946,1600147030.492
767,0.6416381046589942,1600147031.119
768,-0.12496294851721712,1600147031.745
769,0.1387094358065716,1600147032.371
770,0.7307509607553603,1600147032.998
771,0.8125385794541491,1600147033.624
772,0.5976953387779378,1600147034.251
773,0.7734770981017265,1600147034.877
774,0.11429791992551525,1600147035.503
775,-0.7279867270006959,1600147036.13
776,-0.9330643426769072,1600147036.756
777,-0.7011302396031186,1600147037.383
778,0.44388980097067016,1600147038.009
779,-0.8488342990805411,1600147038.635
780,0.7539494133682476,1600147039.262
781,0.3584421101920363,1600147039.888
782,0.7759230882658249,1600147040.515
783,0.25224195696461377,1600147041.141
784,0.21440066941340247,1600147041.767
785,-0.06880194626280875,1600147042.394
786,-0.40083268693902,1600147043.02
787,1.3081521973847687,1600147043.647
788,0.06913903483355742,1600147044.273
789,-0.9696788152176541,1600147044.9
790,-0.6657232277688652,1600147045.526
791,-0.9733399059450764,1600147046.153
792,-0.6645015059962877,1600147046.779
793,1.1262704877025012,1600147047.406
794,0.1216323251512898,1600147048.032
795,1.1506855688500786,1600147048.658
796,0.3340356875488673,1600147049.285
797,0.6941436187476561,1600147049.912
798,0.8284214718214447,1600147050.538
799,-0.4447713782297666,1600147051.165
800,0.39751428734402217,1600147051.791
801,-0.25678207833218913,1600147052.418
802,-1.0477971940084003,1600147053.044
803,-0.07001348155961165,1600147053.671
804,-0.7865657066108229,1600147054.297
805,-0.4581960566620342,1600147054.923
806,-0.4301193754632455,1600147055.55
807,-0.5949137880144567,1600147056.176
808,1.6243250025593317,1600147056.803
809,0.4390227775081207,1600147057.43
810,0.4658787555819094,1600147058.057
811,-0.12249964134430184,1600147058.683
812,0.0813582898544869,1600147059.309
813,0.7503041116782756,1600147059.935
814,0.08380071475206435,1600147060.562
815,0.33892817720085305,1600147061.188
816,-0.8317256103503582,1600147061.815
817,-1.0831899447765694,1600147062.441
818,-0.5314316229527808,1600147063.067
819,0.117982948871008,1600147063.694
820,-0.8305028699302033,1600147064.32
821,1.2666656081435854,1600147064.947
822,-0.023617085657625828,1600147065.573
823,-0.3312337638338371,1600147066.2
824,1.0176436986149515,1600147066.826
825,0.7612965516887403,1600147067.453
826,0.4927423735125291,1600147068.08
827,0.02643428908631781,1600147068.706
828,1.0579289390351063,1600147069.333
829,0.13019507335889527,1600147069.959
830,-0.7157516829423161,1600147070.586
831,0.08625077950647272,1600147071.212
832,-0.7853307424197385,1600147071.838
833,-0.35930484247094985,1600147072.465
834,-0.2482203487721611,1600147073.091
835,0.7857157074266277,1600147073.718
836,-0.7279556582495836,1600147074.344
837,0.29011125732420506,1600147074.971
838,1.0225336416479938,1600147075.597
839,-0.19816897402821745,1600147076.224
840,0.8357670821705713,1600147076.85
841,-0.62053123663064,1600147077.477
842,0.2144302101931488,1600147078.103
843,0.10334673514193746,1600147078.73
844,-1.1136937711592738,1600147079.356
845,-1.0953827149604851,1600147079.983
846,-1.2308802525116964,1600147080.609
847,1.1592569755620925,1600147081.236
848,-0.5924514994891189,1600147081.862
849,-0.09928692766533018,1600147082.488
850,0.8345514722834585,1600147083.114
851,0.17293088785724728,1600147083.741
852,-0.622967040318964,1600147084.367
853,0.16560768775482473,1600147084.994
854,0.9541824158286134,1600147085.62
855,0.011800112652402186,1600147086.247
856,-0.2604161748988091,1600147086.873
857,-0.6608062905750204,1600147087.499
858,-0.8841944531262317,1600147088.126
859,-1.1124654281774429,1600147088.752
860,0.3951034405213458,1600147089.379
861,0.13265277797013456,1600147090.005
862,-0.20304007208107672,1600147090.631
863,-0.0065063596322879926,1600147091.257
864,0.6868535246915007,1600147091.884
865,-0.09805807535971052,1600147092.51
866,0.963954152714078,1600147093.136
867,0.9163472401628672,1600147093.762
868,0.06795907761165565,1600147094.388
869,-0.2237884599395556,1600147095.015
870,-0.6730067006157671,1600147095.641
871,-0.002840175666978173,1600147096.267
872,-0.39468536946818944,1600147096.893
873,-0.4227610320194008,1600147097.519
874,0.237639867929388,1600147098.146
875,-0.14932251337182326,1600147098.772
876,-1.0367731759230343,1600147099.399
877,0.9187937396507542,1600147100.025
878,-0.19204559477545707,1600147100.651
879,0.5147420239233317,1600147101.278
880,0.5000940957471204,1600147101.904
881,0.6282684331959091,1600147102.531
882,0.7588841768946978,1600147103.157
883,0.2754862487184865,1600147103.784
884,-0.12002105445772472,1600147104.41
885,-0.12734476388393598,1600147105.036
886,-0.7535649576851473,1600147105.663
887,-0.8585449171113585,1600147106.289
888,0.1998052015874302,1600147106.915
889,-0.2262196797137811,1600147107.541
890,0.6148452827350076,1600147108.168
891,0.4292989170587964,1600147108.794
892,0.4268580201325851,1600147109.421
893,-0.2665008455436262,1600147110.047
894,0.7747594294051625,1600147110.674
895,-0.4227498268960487,1600147111.3
896,0.53916474492774,1600147111.927
897,-0.4459421676234713,1600147112.553
898,-0.12733814267468252,1600147113.179
899,-0.1529723989758938,1600147113.806
900,-0.13099923340210504,1600147114.432
901,-0.8792897397033164,1600147115.058
902,0.2230056914954724,1600147115.685
903,-0.5655680179307389,1600147116.311
904,-0.4959874304819502,1600147116.937
905,0.9224701100918384,1600147117.564
906,0.5623631975406272,1600147118.19
907,0.06797894123941603,1600147118.817
908,0.9774032786882048,1600147119.443
909,-0.7596567588630065,1600147120.069
910,0.9359003910857822,1600147120.696
911,-0.2872436308404291,1600147121.322
912,-0.35804390276664033,1600147121.949
913,-0.5521351903178516,1600147122.575
914,0.03990633463093712,1600147123.201
915,-0.7999369060452741,1600147123.827
916,-0.04065905297148543,1600147124.453
917,-1.2662444811476967,1600147125.08
918,-0.23474983119890802,1600147125.706
919,-0.4178547906251193,1600147126.333
920,0.03624728119866948,1600147126.959
921,1.2349782592724583,1600147127.586
922,-0.20300951265375305,1600147128.212
923,0.4415222466700357,1600147128.839
924,-0.0723932596311756,1600147129.465
925,-1.183232594057387,1600147130.091
926,-0.08337856910859814,1600147130.718
927,-0.5960733722848094,1600147131.344
928,-0.3580357535860207,1600147131.97
929,-0.475222744262232,1600147132.597
930,-0.28601325056344323,1600147133.223
931,0.7454813993853455,1600147133.85
932,0.7869858149591342,1600147134.476
933,1.5670156211579231,1600147135.103
934,1.2154536304817116,1600147135.729
935,0.3341064835555004,1600147136.355
936,1.333862852254289,1600147136.981
937,-0.06994523217192214,1600147137.607
938,-0.9122298790981336,1600147138.234
939,0.4989034427256553,1600147138.861
940,-1.261349954200556,1600147139.487
941,-1.1514861636267673,1600147140.114
942,0.0972936425720215,1600147140.74
943,-0.5667683481041897,1600147141.367
944,0.2840622393445989,1600147141.993
945,-0.27990209508161235,1600147142.619
946,0.8895320079921764,1600147143.245
947,-0.2322936545590349,1600147143.872
948,-0.2774591608602461,1600147144.498
949,0.4635081453385426,1600147145.124
950,0.21936802966233127,1600147145.751
951,0.058235726486120035,1600147146.377
952,0.4513026420599088,1600147147.003
953,-0.5460113017413025,1600147147.63
954,-0.9659326674175138,1600147148.256
955,-1.2442524705937252,1600147148.882
956,0.3878281168550637,1600147149.509
957,-0.4202768425711476,1600147150.135
958,0.4757197605026411,1600147150.762
959,-0.9854613707985699,1600147151.388
960,0.1290410916502186,1600147152.015
961,-0.4788685552759927,1600147152.641
962,0.020399532172796046,1600147153.267
963,-0.13829136475341522,1600147153.894
964,0.11927750394537352,1600147154.52
965,-0.3372649554808378,1600147155.147
966,-0.052840618032049036,1600147155.773
967,-0.8890217493332603,1600147156.399
968,-1.1832106931344717,1600147157.026
969,-0.20420627756068285,1600147157.653
970,-0.19077803386189413,1600147158.279
971,0.3573181785868946,1600147158.905
972,-0.02231998396431668,1600147159.532
973,0.19740708785947209,1600147160.159
974,-0.9903365434417392,1600147160.785
975,0.3756307627570495,1600147161.411
976,0.6368617408308382,1600147162.038
977,0.4830536564046269,1600147162.664
978,-0.2554712248965843,1600147163.291
979,-0.023537121822795583,1600147163.917
980,-0.24814598749900685,1600147164.544
981,-1.208838837550218,1600147165.171
982,0.1668940936485706,1600147165.797
983,-0.08334953765264068,1600147166.424
984,-0.42880801270385205,1600147167.05
985,-1.1685535971300631,1600147167.677
986,-1.0599105096812744,1600147168.303
987,0.5489767183925143,1600147168.93
988,0.713772149591303,1600147169.556
989,1.1666535182900917,1600147170.183
990,0.31948605886388043,1600147170.809
991,0.08144945881266916,1600147171.435
992,-0.14926292248854212,1600147172.061
993,-0.8267526475397534,1600147172.688
994,-0.5997013569659647,1600147173.314
995,-0.9207457695171759,1600147173.941
996,0.1290594273066128,1600147174.567
997,-0.16390881336959848,1600147175.193
998,-0.21029502279580967,1600147175.82
999,-0.7351968572220209,1600147176.446
1000,0.6332118552267677,1600147177.073
1001,-0.4178130260744436,1600147177.699
1002,0.6698339676243451,1600147178.325
1003,0.1986430706981339,1600147178.952
1004,0.2889756112719226,1600147179.578
1005,-0.2810922387792887,1600147180.205
1006,0.2413692080445001,1600147180.831
1007,-0.7437377045067112,1600147181.457
1008,0.2047491329420776,1600147182.084
1009,-0.6045765296091338,1600147182.71
1010,-0.36409750466034496,1600147183.337
1011,-0.3567727765865563,1600147183.963
1012,-1.2918308610127676,1600147184.59
1013,0.06925363268602118,1600147185.216
1014,-0.1529138267401901,1600147185.843
1015,1.1044109013335983,1600147186.469
1016,0.7748215669073873,1600147187.095
1017,0.4122732481061761,1600147187.722
1018,0.4220393824299648,1600147188.348
1019,0.0008973136287535242,1600147188.974
1020,0.4928411823275423,1600147189.601
1021,-0.4434376052236689,1600147190.227
1022,-0.9585738146498805,1600147190.854
1023,-0.9475869772010916,1600147191.48
1024,0.14616353212269714,1600147192.107
1025,-0.5850371304285141,1600147192.733
1026,1.033615722645275,1600147193.359
1027,0.017991231969063347,1600147193.986
1028,0.7443101006678521,1600147194.612
1029,0.2389395162416408,1600147195.239
1030,-0.04182169318457047,1600147195.865
1031,0.9384034255142184,1600147196.491
